"Status","Start Time","Stop Time","Duration in ms","Parent Suite","Suite","Sub Suite","Test Class","Test Method","Name","Description"
"passed","Sat May 02 21:17:22 UTC 2026","Sat May 02 21:17:45 UTC 2026","22757","webkit","e2e/partidas-finalizadas-list.spec.ts","Lista de partidas finalizadas","","","@smoke @core renderiza pelo menos 1 card de partida",""
"failed","Sat May 02 21:13:01 UTC 2026","Sat May 02 21:13:03 UTC 2026","1605","webkit","a11y/pages.spec.ts","","","","@a11y calendario logado sem violations serious/critical",""
"skipped","Sat May 02 21:17:16 UTC 2026","Sat May 02 21:17:16 UTC 2026","0","webkit","performance/lighthouse.spec.ts","","","","@perf lighthouse /termos-de-uso",""
"failed","Sat May 02 21:13:12 UTC 2026","Sat May 02 21:13:28 UTC 2026","16048","mobile-chrome","e2e/busca-time.spec.ts","Busca por time — typeahead","","","@smoke @core preencher filtro time dispara request /team/?name=",""
"passed","Sat May 02 21:12:34 UTC 2026","Sat May 02 21:12:35 UTC 2026","533","mobile-chrome","api/endpoint-team-search.spec.ts","API GET /team/?name=Flamengo","","","@api retorna 200 e ao menos 1 resultado contendo o termo",""
"skipped","Sat May 02 21:13:01 UTC 2026","Sat May 02 21:13:01 UTC 2026","4","chromium","e2e/calendario-page.spec.ts","/calendario — página dedicada (logado)","","","@core /calendario tem switch ""Partidas favoritas""",""
"broken","Sat May 02 21:14:49 UTC 2026","Sat May 02 21:15:21 UTC 2026","32449","chromium","e2e/partidas-finalizadas-list.spec.ts","Lista de partidas finalizadas","","","@smoke @core renderiza pelo menos 1 card de partida",""
"failed","Sat May 02 21:17:48 UTC 2026","Sat May 02 21:17:48 UTC 2026","87","webkit","visual/pages.spec.ts","Visual regression","","","@visual home logada (4 tabs)",""
"passed","Sat May 02 21:13:47 UTC 2026","Sat May 02 21:14:06 UTC 2026","18752","webkit","e2e/buscar-avancado.spec.ts","Busca avançada — typeahead, combos e reset","","","@core combinar filtros time+campeonato sem erro de runtime",""
"skipped","Sat May 02 21:15:46 UTC 2026","Sat May 02 21:15:46 UTC 2026","0","mobile-chrome","e2e/profile-popover.spec.ts","Profile popover (avatar logado)","","","@core Switch Google Calendar existe no popover do perfil",""
"failed","Sat May 02 21:13:01 UTC 2026","Sat May 02 21:13:03 UTC 2026","1601","webkit","a11y/pages.spec.ts","","","","@a11y termos de uso sem violations serious/critical",""
"failed","Sat May 02 21:13:47 UTC 2026","Sat May 02 21:14:29 UTC 2026","41866","chromium","visual/pages.spec.ts","Visual regression","","","@visual home anônima",""
"failed","Sat May 02 21:13:45 UTC 2026","Sat May 02 21:13:46 UTC 2026","492","chromium","e2e/navegacao.spec.ts","Navegação — anônimo e logado > logado","","","@core tabs LOGADO: contagem >=3 (Partidas/Melhores/Calendário no mínimo)",""
"passed","Sat May 02 21:13:10 UTC 2026","Sat May 02 21:13:38 UTC 2026","28734","chromium","e2e/match-modal.spec.ts","Modal de partida finalizada","","","@smoke @core click no card abre modal com header ""Partida Finalizada""",""
"skipped","Sat May 02 21:15:47 UTC 2026","Sat May 02 21:15:47 UTC 2026","2","firefox","e2e/profile-popover.spec.ts","Profile popover (avatar logado)","","","@core Avatar click abre popover com 4 ações (Editar, Excluir, Sair, Switch Google Calendar)",""
"skipped","Sat May 02 21:15:47 UTC 2026","Sat May 02 21:15:47 UTC 2026","0","firefox","e2e/profile-popover.spec.ts","Profile popover (avatar logado)","","","@core Switch Google Calendar existe no popover do perfil",""
"broken","Sat May 02 21:14:18 UTC 2026","Sat May 02 21:14:55 UTC 2026","36640","firefox","e2e/buscar-avancado.spec.ts","Busca avançada — typeahead, combos e reset","","","@core busca parcial por time ""Flam"" dispara /team/?name=Flam",""
"passed","Sat May 02 21:12:57 UTC 2026","Sat May 02 21:13:17 UTC 2026","20289","firefox","e2e/buscar-avancado.spec.ts","Busca avançada — typeahead, combos e reset","","","@core combinar filtros time+campeonato sem erro de runtime",""
"skipped","Sat May 02 21:14:25 UTC 2026","Sat May 02 21:14:25 UTC 2026","0","chromium","performance/lighthouse.spec.ts","","","","@perf lighthouse /termos-de-uso",""
"passed","Sat May 02 21:13:19 UTC 2026","Sat May 02 21:13:29 UTC 2026","9530","chromium","e2e/nav-tabs-anonimas.spec.ts","Nav anônima — 2 tabs","","","@smoke @core tab ""Melhores momentos"" navega para /melhores-momentos",""
"failed","Sat May 02 21:13:26 UTC 2026","Sat May 02 21:13:36 UTC 2026","10117","webkit","api/endpoint-match-inplay.spec.ts","API GET /match/?status=INPLAY","","","@api retorna 200 e envelope válido (results pode ser vazio)",""
"failed","Sat May 02 21:16:55 UTC 2026","Sat May 02 21:17:40 UTC 2026","45500","firefox","visual/pages.spec.ts","Visual regression","","","@visual home anônima",""
"failed","Sat May 02 21:17:10 UTC 2026","Sat May 02 21:17:33 UTC 2026","22905","firefox","visual/pages.spec.ts","Visual regression","","","@visual melhores-momentos anônima",""
"broken","Sat May 02 21:15:38 UTC 2026","Sat May 02 21:16:13 UTC 2026","34804","firefox","e2e/match-modal-close.spec.ts","Modal de partida — botão Close","","","@core Botão Close (X) fecha modal de partida e volta pra home",""
"passed","Sat May 02 21:15:23 UTC 2026","Sat May 02 21:15:27 UTC 2026","3560","firefox","e2e/navegacao.spec.ts","Navegação — anônimo e logado","","","@core click no logo a partir de /melhores-momentos retorna para /",""
"broken","Sat May 02 21:15:11 UTC 2026","Sat May 02 21:15:44 UTC 2026","33158","webkit","e2e/buscar-avancado.spec.ts","Busca avançada — typeahead, combos e reset","","","@core limpar filtros (refresh / click logo) restaura listagem inicial",""
"passed","Sat May 02 21:12:43 UTC 2026","Sat May 02 21:12:49 UTC 2026","6394","firefox","api/endpoint-match-ended.spec.ts","API GET /match/?status=ENDED","","","@api retorna 200 e envelope paginado válido",""
"passed","Sat May 02 21:12:44 UTC 2026","Sat May 02 21:12:50 UTC 2026","5236","firefox","api/endpoint-match-notstarted.spec.ts","API GET /match/?status=NOTSTARTED","","","@api retorna 200 com envelope válido (mesmo com results vazios)",""
"passed","Sat May 02 21:13:38 UTC 2026","Sat May 02 21:13:47 UTC 2026","8587","webkit","e2e/busca-multiplos-filtros.spec.ts","Busca com múltiplos filtros","","","@core combinar filtros time + campeonato sem erro",""
"passed","Sat May 02 21:13:01 UTC 2026","Sat May 02 21:13:06 UTC 2026","5222","chromium","e2e/home-loads.spec.ts","Home page — carregamento básico","","","@smoke @core home carrega com title correto e sem erros críticos no console",""
"failed","Sat May 02 21:17:19 UTC 2026","Sat May 02 21:17:42 UTC 2026","23046","webkit","visual/pages.spec.ts","Visual regression","","","@visual melhores-momentos anônima",""
"passed","Sat May 02 21:13:06 UTC 2026","Sat May 02 21:13:36 UTC 2026","29975","chromium","e2e/match-modal-close.spec.ts","Modal de partida — botão Close","","","@core Botão Close (X) fecha modal de partida e volta pra home",""
"broken","Sat May 02 21:15:47 UTC 2026","Sat May 02 21:16:21 UTC 2026","33386","mobile-chrome","e2e/match-modal.spec.ts","Modal de partida finalizada","","","@smoke @core click no card abre modal com header ""Partida Finalizada""",""
"passed","Sat May 02 21:16:17 UTC 2026","Sat May 02 21:16:28 UTC 2026","11727","firefox","e2e/responsividade.spec.ts","Responsividade — mobile e tablet viewports","","","@core tablet 768x1024: nav tabs visíveis e clicáveis",""
"skipped","Sat May 02 21:15:33 UTC 2026","Sat May 02 21:15:33 UTC 2026","0","firefox","e2e/notifications-panel.spec.ts","Notifications panel — sino","","","@core Sino abre painel de notificações com mensagem padrão",""
"passed","Sat May 02 21:12:38 UTC 2026","Sat May 02 21:12:45 UTC 2026","6616","chromium","api/endpoint-match-ended.spec.ts","API GET /match/?status=ENDED","","","@api retorna 200 e envelope paginado válido",""
"failed","Sat May 02 21:14:30 UTC 2026","Sat May 02 21:14:49 UTC 2026","19594","chromium","visual/pages.spec.ts","Visual regression","","","@visual melhores-momentos anônima",""
"failed","Sat May 02 21:12:37 UTC 2026","Sat May 02 21:12:38 UTC 2026","1018","chromium","a11y/pages.spec.ts","","","","@a11y melhores momentos anônima sem violations serious/critical",""
"failed","Sat May 02 21:12:27 UTC 2026","Sat May 02 21:12:28 UTC 2026","977","mobile-chrome","a11y/pages.spec.ts","","","","@a11y termos de uso sem violations serious/critical",""
"broken","Sat May 02 21:16:51 UTC 2026","Sat May 02 21:17:24 UTC 2026","33324","firefox","e2e/partidas-finalizadas-list.spec.ts","Lista de partidas finalizadas","","","@smoke @core renderiza pelo menos 1 card de partida",""
"broken","Sat May 02 21:15:46 UTC 2026","Sat May 02 21:16:19 UTC 2026","33475","mobile-chrome","e2e/match-modal-close.spec.ts","Modal de partida — botão Close","","","@core Botão Close (X) fecha modal de partida e volta pra home",""
"failed","Sat May 02 21:12:39 UTC 2026","Sat May 02 21:12:44 UTC 2026","4527","firefox","a11y/pages.spec.ts","","","","@a11y melhores momentos anônima sem violations serious/critical",""
"failed","Sat May 02 21:17:24 UTC 2026","Sat May 02 21:17:47 UTC 2026","22595","mobile-chrome","visual/pages.spec.ts","Visual regression","","","@visual modal de partida finalizada",""
"failed","Sat May 02 21:13:12 UTC 2026","Sat May 02 21:13:29 UTC 2026","16267","mobile-chrome","e2e/buscar-avancado.spec.ts","Busca avançada — typeahead, combos e reset","","","@core busca parcial por time ""Flam"" dispara /team/?name=Flam",""
"passed","Sat May 02 21:12:39 UTC 2026","Sat May 02 21:12:43 UTC 2026","4957","chromium","api/endpoint-match-notstarted.spec.ts","API GET /match/?status=NOTSTARTED","","","@api retorna 200 com envelope válido (mesmo com results vazios)",""
"passed","Sat May 02 21:15:17 UTC 2026","Sat May 02 21:15:31 UTC 2026","13178","firefox","e2e/nav-tabs-anonimas.spec.ts","Nav anônima — 2 tabs","","","@smoke @core tab ""Partidas"" volta para home /",""
"failed","Sat May 02 21:16:52 UTC 2026","Sat May 02 21:17:03 UTC 2026","11469","mobile-chrome","performance/lighthouse.spec.ts","","","","@perf lighthouse /",""
"skipped","Sat May 02 21:17:03 UTC 2026","Sat May 02 21:17:03 UTC 2026","0","mobile-chrome","performance/lighthouse.spec.ts","","","","@perf lighthouse /melhores-momentos",""
"broken","Sat May 02 21:16:54 UTC 2026","Sat May 02 21:17:28 UTC 2026","34300","mobile-chrome","e2e/partidas-finalizadas-list.spec.ts","Lista de partidas finalizadas","","","@smoke @core renderiza pelo menos 1 card de partida",""
"failed","Sat May 02 21:16:33 UTC 2026","Sat May 02 21:17:14 UTC 2026","40921","mobile-chrome","visual/pages.spec.ts","Visual regression","","","@visual home anônima",""
"passed","Sat May 02 21:12:43 UTC 2026","Sat May 02 21:12:48 UTC 2026","4542","chromium","api/endpoint-perf.spec.ts","API perf — /match/?status=ENDED","","","@api responde dentro do budget hard (<10s) e idealmente <2s",""
"skipped","Sat May 02 21:14:11 UTC 2026","Sat May 02 21:14:11 UTC 2026","8","webkit","e2e/calendario-page.spec.ts","/calendario — página dedicada (logado)","","","@core /calendario tem switch ""Partidas favoritas""",""
"passed","Sat May 02 21:14:06 UTC 2026","Sat May 02 21:14:35 UTC 2026","28367","webkit","e2e/calendar-mensal.spec.ts","Calendar mensal — home widget","","","@core click em um dia clicável do calendar muda state visual",""
"passed","Sat May 02 21:13:49 UTC 2026","Sat May 02 21:13:56 UTC 2026","7271","webkit","e2e/buscar-avancado.spec.ts","Busca avançada — typeahead, combos e reset","","","@core busca parcial por time ""Flam"" dispara /team/?name=Flam",""
"failed","Sat May 02 21:13:11 UTC 2026","Sat May 02 21:13:27 UTC 2026","15666","mobile-chrome","e2e/busca-multiplos-filtros.spec.ts","Busca com múltiplos filtros","","","@core combinar filtros time + campeonato sem erro",""
"skipped","Sat May 02 21:17:07 UTC 2026","Sat May 02 21:17:07 UTC 2026","0","firefox","performance/lighthouse.spec.ts","","","","@perf lighthouse /melhores-momentos",""
"broken","Sat May 02 21:14:36 UTC 2026","Sat May 02 21:15:13 UTC 2026","36654","firefox","e2e/buscar-avancado.spec.ts","Busca avançada — typeahead, combos e reset","","","@core limpar filtros (refresh / click logo) restaura listagem inicial",""
"failed","Sat May 02 21:15:53 UTC 2026","Sat May 02 21:16:25 UTC 2026","32207","chromium","visual/pages.spec.ts","Visual regression","","","@visual modal de partida finalizada",""
"failed","Sat May 02 21:15:20 UTC 2026","Sat May 02 21:15:35 UTC 2026","14889","webkit","e2e/nav-tabs-anonimas.spec.ts","Nav anônima — 2 tabs","","","@smoke @core tab ""Melhores momentos"" navega para /melhores-momentos",""
"skipped","Sat May 02 21:16:06 UTC 2026","Sat May 02 21:16:06 UTC 2026","0","webkit","e2e/profile-popover.spec.ts","Profile popover (avatar logado)","","","@core Avatar click abre popover com 4 ações (Editar, Excluir, Sair, Switch Google Calendar)",""
"failed","Sat May 02 21:16:28 UTC 2026","Sat May 02 21:16:42 UTC 2026","14523","webkit","e2e/navegacao.spec.ts","Navegação — anônimo e logado","","","@core fluxo Home → Melhores momentos → Home (anônimo)",""
"failed","Sat May 02 21:15:44 UTC 2026","Sat May 02 21:15:47 UTC 2026","3256","firefox","e2e/navegacao.spec.ts","Navegação — anônimo e logado > logado","","","@core tabs LOGADO: contagem >=3 (Partidas/Melhores/Calendário no mínimo)",""
"failed","Sat May 02 21:14:11 UTC 2026","Sat May 02 21:14:28 UTC 2026","16525","mobile-chrome","e2e/calendar-mensal.spec.ts","Calendar mensal — home widget","","","@core click ""Go to next month"" altera o heading do mês visível",""
"passed","Sat May 02 21:12:50 UTC 2026","Sat May 02 21:12:50 UTC 2026","21","firefox","bootstrap.smoke.spec.ts","","","","@smoke bootstrap — runner saudável",""
"passed","Sat May 02 21:14:57 UTC 2026","Sat May 02 21:15:05 UTC 2026","7245","firefox","e2e/melhores-momentos.spec.ts","Página /melhores-momentos","","","@smoke @core carrega filtros + heading ""Melhores momentos das Partidas Finalizadas""",""
"passed","Sat May 02 21:12:45 UTC 2026","Sat May 02 21:12:45 UTC 2026","31","chromium","bootstrap.smoke.spec.ts","","","","@smoke bootstrap — runner saudável",""
"failed","Sat May 02 21:12:37 UTC 2026","Sat May 02 21:12:42 UTC 2026","4602","firefox","a11y/pages.spec.ts","","","","@a11y home anônima sem violations serious/critical",""
"passed","Sat May 02 21:12:51 UTC 2026","Sat May 02 21:12:57 UTC 2026","5784","firefox","e2e/busca-multiplos-filtros.spec.ts","Busca com múltiplos filtros","","","@core combinar filtros time + campeonato sem erro",""
"failed","Sat May 02 21:13:02 UTC 2026","Sat May 02 21:13:03 UTC 2026","1542","webkit","a11y/pages.spec.ts","","","","@a11y melhores momentos anônima sem violations serious/critical",""
"skipped","Sat May 02 21:14:25 UTC 2026","Sat May 02 21:14:25 UTC 2026","0","chromium","performance/lighthouse.spec.ts","","","","@perf lighthouse /melhores-momentos",""
"skipped","Sat May 02 21:14:17 UTC 2026","Sat May 02 21:14:17 UTC 2026","0","firefox","e2e/calendario-page.spec.ts","/calendario — página dedicada (logado)","","","@core /calendario tem switch ""Partidas favoritas""",""
"failed","Sat May 02 21:12:36 UTC 2026","Sat May 02 21:12:37 UTC 2026","982","chromium","a11y/pages.spec.ts","","","","@a11y calendario logado sem violations serious/critical",""
"passed","Sat May 02 21:12:38 UTC 2026","Sat May 02 21:12:44 UTC 2026","5121","chromium","api/endpoint-match-inplay.spec.ts","API GET /match/?status=INPLAY","","","@api retorna 200 e envelope válido (results pode ser vazio)",""
"passed","Sat May 02 21:15:05 UTC 2026","Sat May 02 21:15:14 UTC 2026","9358","firefox","e2e/nav-tabs-anonimas.spec.ts","Nav anônima — 2 tabs","","","@smoke @core tab ""Melhores momentos"" navega para /melhores-momentos",""
"passed","Sat May 02 21:15:52 UTC 2026","Sat May 02 21:15:57 UTC 2026","5600","webkit","e2e/navegacao.spec.ts","Navegação — anônimo e logado","","","@core click no logo a partir de /melhores-momentos retorna para /",""
"passed","Sat May 02 21:12:28 UTC 2026","Sat May 02 21:12:34 UTC 2026","5933","mobile-chrome","api/endpoint-match-ended.spec.ts","API GET /match/?status=ENDED","","","@api retorna 200 e envelope paginado válido",""
"failed","Sat May 02 21:17:36 UTC 2026","Sat May 02 21:17:50 UTC 2026","14107","firefox","visual/pages.spec.ts","Visual regression","","","@visual modal de partida finalizada",""
"passed","Sat May 02 21:12:49 UTC 2026","Sat May 02 21:12:55 UTC 2026","5346","firefox","api/endpoint-perf.spec.ts","API perf — /match/?status=ENDED","","","@api responde dentro do budget hard (<10s) e idealmente <2s",""
"passed","Sat May 02 21:13:01 UTC 2026","Sat May 02 21:13:16 UTC 2026","15571","chromium","e2e/calendar-mensal.spec.ts","Calendar mensal — home widget","","","@core click em um dia clicável do calendar muda state visual",""
"passed","Sat May 02 21:12:51 UTC 2026","Sat May 02 21:13:01 UTC 2026","9618","chromium","e2e/buscar-avancado.spec.ts","Busca avançada — typeahead, combos e reset","","","@core combinar filtros time+campeonato sem erro de runtime",""
"skipped","Sat May 02 21:13:36 UTC 2026","Sat May 02 21:13:36 UTC 2026","0","chromium","e2e/notifications-panel.spec.ts","Notifications panel — sino","","","@core Sino abre painel de notificações com mensagem padrão",""
"failed","Sat May 02 21:12:27 UTC 2026","Sat May 02 21:12:28 UTC 2026","965","mobile-chrome","a11y/pages.spec.ts","","","","@a11y calendario logado sem violations serious/critical",""
"passed","Sat May 02 21:13:16 UTC 2026","Sat May 02 21:13:19 UTC 2026","2936","chromium","e2e/melhores-momentos.spec.ts","Página /melhores-momentos","","","@smoke @core carrega filtros + heading ""Melhores momentos das Partidas Finalizadas""",""
"failed","Sat May 02 21:12:39 UTC 2026","Sat May 02 21:12:44 UTC 2026","4793","firefox","a11y/pages.spec.ts","","","","@a11y calendario logado sem violations serious/critical",""
"failed","Sat May 02 21:13:01 UTC 2026","Sat May 02 21:13:03 UTC 2026","1756","webkit","a11y/pages.spec.ts","","","","@a11y home anônima sem violations serious/critical",""
"passed","Sat May 02 21:12:57 UTC 2026","Sat May 02 21:13:20 UTC 2026","22888","chromium","e2e/buscar-avancado.spec.ts","Busca avançada — typeahead, combos e reset","","","@core limpar filtros (refresh / click logo) restaura listagem inicial",""
"skipped","Sat May 02 21:13:38 UTC 2026","Sat May 02 21:13:38 UTC 2026","0","chromium","e2e/profile-popover.spec.ts","Profile popover (avatar logado)","","","@core Switch Google Calendar existe no popover do perfil",""
"passed","Sat May 02 21:12:50 UTC 2026","Sat May 02 21:12:55 UTC 2026","5454","firefox","api/endpoint-team-search.spec.ts","API GET /team/?name=Flamengo","","","@api retorna 200 e ao menos 1 resultado contendo o termo",""
"skipped","Sat May 02 21:13:06 UTC 2026","Sat May 02 21:13:06 UTC 2026","0","chromium","e2e/login-flow.spec.ts","Login email/senha → nav 4 tabs","","","@smoke @core login funciona e header passa a mostrar 4 tabs nav",""
"skipped","Sat May 02 21:14:28 UTC 2026","Sat May 02 21:14:28 UTC 2026","3","mobile-chrome","e2e/login-flow.spec.ts","Login email/senha → nav 4 tabs","","","@smoke @core login funciona e header passa a mostrar 4 tabs nav",""
"passed","Sat May 02 21:17:11 UTC 2026","Sat May 02 21:17:41 UTC 2026","29551","firefox","e2e/responsividade.spec.ts","Responsividade — mobile e tablet viewports","","","@core mobile 375x667: home renderiza, sem overflow horizontal, lista visível",""
"skipped","Sat May 02 21:15:46 UTC 2026","Sat May 02 21:15:46 UTC 2026","0","mobile-chrome","e2e/profile-popover.spec.ts","Profile popover (avatar logado)","","","@core Avatar click abre popover com 4 ações (Editar, Excluir, Sair, Switch Google Calendar)",""
"failed","Sat May 02 21:14:20 UTC 2026","Sat May 02 21:14:36 UTC 2026","16451","mobile-chrome","e2e/calendar-mensal.spec.ts","Calendar mensal — home widget","","","@core click em um dia clicável do calendar muda state visual",""
"passed","Sat May 02 21:12:29 UTC 2026","Sat May 02 21:12:35 UTC 2026","5970","mobile-chrome","api/endpoint-match-notstarted.spec.ts","API GET /match/?status=NOTSTARTED","","","@api retorna 200 com envelope válido (mesmo com results vazios)",""
"passed","Sat May 02 21:12:44 UTC 2026","Sat May 02 21:12:50 UTC 2026","5231","firefox","api/endpoint-match-inplay.spec.ts","API GET /match/?status=INPLAY","","","@api retorna 200 e envelope válido (results pode ser vazio)",""
"passed","Sat May 02 21:13:38 UTC 2026","Sat May 02 21:13:47 UTC 2026","8650","chromium","e2e/responsividade.spec.ts","Responsividade — mobile e tablet viewports","","","@core tablet 768x1024: nav tabs visíveis e clicáveis",""
"failed","Sat May 02 21:13:26 UTC 2026","Sat May 02 21:13:36 UTC 2026","10160","webkit","api/endpoint-match-notstarted.spec.ts","API GET /match/?status=NOTSTARTED","","","@api retorna 200 com envelope válido (mesmo com results vazios)",""
"skipped","Sat May 02 21:14:17 UTC 2026","Sat May 02 21:14:17 UTC 2026","1","firefox","e2e/calendario-page.spec.ts","/calendario — página dedicada (logado)","","","@core /calendario carrega para usuário logado, mostra side panel + grade semanal",""
"passed","Sat May 02 21:15:14 UTC 2026","Sat May 02 21:15:23 UTC 2026","9169","firefox","e2e/navegacao.spec.ts","Navegação — anônimo e logado","","","@core fluxo Home → Melhores momentos → Home (anônimo)",""
"skipped","Sat May 02 21:14:26 UTC 2026","Sat May 02 21:14:26 UTC 2026","1","mobile-chrome","e2e/calendario-page.spec.ts","/calendario — página dedicada (logado)","","","@core /calendario carrega para usuário logado, mostra side panel + grade semanal",""
"skipped","Sat May 02 21:14:21 UTC 2026","Sat May 02 21:14:21 UTC 2026","0","firefox","e2e/login-flow.spec.ts","Login email/senha → nav 4 tabs","","","@smoke @core login funciona e header passa a mostrar 4 tabs nav",""
"passed","Sat May 02 21:16:38 UTC 2026","Sat May 02 21:16:54 UTC 2026","15697","webkit","e2e/responsividade.spec.ts","Responsividade — mobile e tablet viewports","","","@core tablet 768x1024: nav tabs visíveis e clicáveis",""
"failed","Sat May 02 21:15:45 UTC 2026","Sat May 02 21:15:46 UTC 2026","531","mobile-chrome","e2e/navegacao.spec.ts","Navegação — anônimo e logado > logado","","","@core tabs LOGADO: contagem >=3 (Partidas/Melhores/Calendário no mínimo)",""
"failed","Sat May 02 21:17:47 UTC 2026","Sat May 02 21:17:56 UTC 2026","9711","webkit","visual/pages.spec.ts","Visual regression","","","@visual modal de partida finalizada",""
"failed","Sat May 02 21:12:37 UTC 2026","Sat May 02 21:12:37 UTC 2026","901","chromium","a11y/pages.spec.ts","","","","@a11y termos de uso sem violations serious/critical",""
"passed","Sat May 02 21:14:05 UTC 2026","Sat May 02 21:14:17 UTC 2026","11798","webkit","e2e/calendar-mensal.spec.ts","Calendar mensal — home widget","","","@core click ""Go to next month"" altera o heading do mês visível",""
"passed","Sat May 02 21:12:58 UTC 2026","Sat May 02 21:13:10 UTC 2026","11577","chromium","e2e/calendar-mensal.spec.ts","Calendar mensal — home widget","","","@core click ""Go to next month"" altera o heading do mês visível",""
"passed","Sat May 02 21:14:17 UTC 2026","Sat May 02 21:14:21 UTC 2026","4118","firefox","e2e/home-loads.spec.ts","Home page — carregamento básico","","","@smoke @core home carrega com title correto e sem erros críticos no console",""
"passed","Sat May 02 21:13:38 UTC 2026","Sat May 02 21:13:47 UTC 2026","9413","webkit","e2e/busca-time.spec.ts","Busca por time — typeahead","","","@smoke @core preencher filtro time dispara request /team/?name=",""
"broken","Sat May 02 21:15:32 UTC 2026","Sat May 02 21:16:05 UTC 2026","33388","webkit","e2e/match-modal-close.spec.ts","Modal de partida — botão Close","","","@core Botão Close (X) fecha modal de partida e volta pra home",""
"passed","Sat May 02 21:13:32 UTC 2026","Sat May 02 21:13:38 UTC 2026","5944","chromium","e2e/navegacao.spec.ts","Navegação — anônimo e logado","","","@core tabs anônimas: Partidas + Melhores momentos visíveis; Favoritos/Calendário NÃO",""
"skipped","Sat May 02 21:14:26 UTC 2026","Sat May 02 21:14:26 UTC 2026","0","mobile-chrome","e2e/calendario-page.spec.ts","/calendario — página dedicada (logado)","","","@core /calendario tem switch ""Partidas favoritas""",""
"passed","Sat May 02 21:14:29 UTC 2026","Sat May 02 21:14:34 UTC 2026","4751","mobile-chrome","e2e/home-loads.spec.ts","Home page — carregamento básico","","","@smoke @core home carrega com title correto e sem erros críticos no console",""
"passed","Sat May 02 21:12:35 UTC 2026","Sat May 02 21:12:37 UTC 2026","1636","mobile-chrome","api/endpoint-perf.spec.ts","API perf — /match/?status=ENDED","","","@api responde dentro do budget hard (<10s) e idealmente <2s",""
"skipped","Sat May 02 21:13:01 UTC 2026","Sat May 02 21:13:01 UTC 2026","1","chromium","e2e/calendario-page.spec.ts","/calendario — página dedicada (logado)","","","@core /calendario carrega para usuário logado, mostra side panel + grade semanal",""
"skipped","Sat May 02 21:13:38 UTC 2026","Sat May 02 21:13:38 UTC 2026","1","chromium","e2e/profile-popover.spec.ts","Profile popover (avatar logado)","","","@core Avatar click abre popover com 4 ações (Editar, Excluir, Sair, Switch Google Calendar)",""
"broken","Sat May 02 21:14:49 UTC 2026","Sat May 02 21:15:21 UTC 2026","32435","chromium","e2e/responsividade.spec.ts","Responsividade — mobile e tablet viewports","","","@core mobile 375x667: home renderiza, sem overflow horizontal, lista visível",""
"failed","Sat May 02 21:14:09 UTC 2026","Sat May 02 21:14:26 UTC 2026","16351","mobile-chrome","e2e/buscar-avancado.spec.ts","Busca avançada — typeahead, combos e reset","","","@core combinar filtros time+campeonato sem erro de runtime",""
"failed","Sat May 02 21:12:44 UTC 2026","Sat May 02 21:12:44 UTC 2026","423","chromium","a11y/pages.spec.ts","","","","@a11y home logada sem violations serious/critical",""
"failed","Sat May 02 21:12:52 UTC 2026","Sat May 02 21:12:55 UTC 2026","3059","firefox","a11y/pages.spec.ts","","","","@a11y home logada sem violations serious/critical",""
"skipped","Sat May 02 21:17:03 UTC 2026","Sat May 02 21:17:03 UTC 2026","1","mobile-chrome","performance/lighthouse.spec.ts","","","","@perf lighthouse /termos-de-uso",""
"passed","Sat May 02 21:14:15 UTC 2026","Sat May 02 21:14:21 UTC 2026","5768","webkit","e2e/home-loads.spec.ts","Home page — carregamento básico","","","@smoke @core home carrega com title correto e sem erros críticos no console",""
"passed","Sat May 02 21:14:35 UTC 2026","Sat May 02 21:14:40 UTC 2026","5675","webkit","e2e/melhores-momentos.spec.ts","Página /melhores-momentos","","","@smoke @core carrega filtros + heading ""Melhores momentos das Partidas Finalizadas""",""
"passed","Sat May 02 21:15:18 UTC 2026","Sat May 02 21:15:29 UTC 2026","11047","mobile-chrome","e2e/nav-tabs-anonimas.spec.ts","Nav anônima — 2 tabs","","","@smoke @core tab ""Melhores momentos"" navega para /melhores-momentos",""
"failed","Sat May 02 21:16:11 UTC 2026","Sat May 02 21:16:12 UTC 2026","443","webkit","e2e/navegacao.spec.ts","Navegação — anônimo e logado > logado","","","@core tabs LOGADO: contagem >=3 (Partidas/Melhores/Calendário no mínimo)",""
"passed","Sat May 02 21:15:29 UTC 2026","Sat May 02 21:15:32 UTC 2026","3006","mobile-chrome","e2e/navegacao.spec.ts","Navegação — anônimo e logado","","","@core click no logo a partir de /melhores-momentos retorna para /",""
"failed","Sat May 02 21:17:39 UTC 2026","Sat May 02 21:17:48 UTC 2026","9269","webkit","visual/pages.spec.ts","Visual regression","","","@visual termos-de-uso (estável)",""
"failed","Sat May 02 21:12:26 UTC 2026","Sat May 02 21:12:27 UTC 2026","995","mobile-chrome","a11y/pages.spec.ts","","","","@a11y home anônima sem violations serious/critical",""
"passed","Sat May 02 21:15:27 UTC 2026","Sat May 02 21:15:33 UTC 2026","6456","firefox","e2e/navegacao.spec.ts","Navegação — anônimo e logado","","","@core tabs anônimas: Partidas + Melhores momentos visíveis; Favoritos/Calendário NÃO",""
"skipped","Sat May 02 21:14:11 UTC 2026","Sat May 02 21:14:11 UTC 2026","1","webkit","e2e/calendario-page.spec.ts","/calendario — página dedicada (logado)","","","@core /calendario carrega para usuário logado, mostra side panel + grade semanal",""
"passed","Sat May 02 21:12:46 UTC 2026","Sat May 02 21:12:51 UTC 2026","5700","chromium","e2e/busca-multiplos-filtros.spec.ts","Busca com múltiplos filtros","","","@core combinar filtros time + campeonato sem erro",""
"failed","Sat May 02 21:13:26 UTC 2026","Sat May 02 21:13:36 UTC 2026","10138","webkit","api/endpoint-match-ended.spec.ts","API GET /match/?status=ENDED","","","@api retorna 200 e envelope paginado válido",""
"skipped","Sat May 02 21:16:06 UTC 2026","Sat May 02 21:16:06 UTC 2026","0","webkit","e2e/profile-popover.spec.ts","Profile popover (avatar logado)","","","@core Switch Google Calendar existe no popover do perfil",""
"failed","Sat May 02 21:12:36 UTC 2026","Sat May 02 21:12:38 UTC 2026","1031","chromium","a11y/pages.spec.ts","","","","@a11y home anônima sem violations serious/critical",""
"failed","Sat May 02 21:14:33 UTC 2026","Sat May 02 21:14:38 UTC 2026","5369","chromium","visual/pages.spec.ts","Visual regression","","","@visual termos-de-uso (estável)",""
"failed","Sat May 02 21:17:08 UTC 2026","Sat May 02 21:17:16 UTC 2026","7735","webkit","performance/lighthouse.spec.ts","","","","@perf lighthouse /",""
"passed","Sat May 02 21:17:22 UTC 2026","Sat May 02 21:17:44 UTC 2026","21885","webkit","e2e/responsividade.spec.ts","Responsividade — mobile e tablet viewports","","","@core mobile 375x667: home renderiza, sem overflow horizontal, lista visível",""
"failed","Sat May 02 21:16:54 UTC 2026","Sat May 02 21:17:35 UTC 2026","41578","webkit","visual/pages.spec.ts","Visual regression","","","@visual home anônima",""
"failed","Sat May 02 21:16:54 UTC 2026","Sat May 02 21:17:07 UTC 2026","12481","firefox","performance/lighthouse.spec.ts","","","","@perf lighthouse /",""
"passed","Sat May 02 21:13:20 UTC 2026","Sat May 02 21:13:27 UTC 2026","7003","chromium","e2e/nav-tabs-anonimas.spec.ts","Nav anônima — 2 tabs","","","@smoke @core tab ""Partidas"" volta para home /",""
"passed","Sat May 02 21:12:29 UTC 2026","Sat May 02 21:12:35 UTC 2026","6130","mobile-chrome","api/endpoint-match-inplay.spec.ts","API GET /match/?status=INPLAY","","","@api retorna 200 e envelope válido (results pode ser vazio)",""
"passed","Sat May 02 21:15:32 UTC 2026","Sat May 02 21:15:38 UTC 2026","5807","mobile-chrome","e2e/navegacao.spec.ts","Navegação — anônimo e logado","","","@core tabs anônimas: Partidas + Melhores momentos visíveis; Favoritos/Calendário NÃO",""
"passed","Sat May 02 21:12:58 UTC 2026","Sat May 02 21:13:24 UTC 2026","26120","firefox","e2e/buscar-avancado.spec.ts","Busca avançada — typeahead, combos e reset","","","@core busca por campeonato dispara request à API",""
"broken","Sat May 02 21:14:45 UTC 2026","Sat May 02 21:15:18 UTC 2026","32956","mobile-chrome","e2e/buscar-avancado.spec.ts","Busca avançada — typeahead, combos e reset","","","@core limpar filtros (refresh / click logo) restaura listagem inicial",""
"passed","Sat May 02 21:13:27 UTC 2026","Sat May 02 21:13:36 UTC 2026","9541","chromium","e2e/navegacao.spec.ts","Navegação — anônimo e logado","","","@core fluxo Home → Melhores momentos → Home (anônimo)",""
"failed","Sat May 02 21:17:26 UTC 2026","Sat May 02 21:17:34 UTC 2026","8075","firefox","visual/pages.spec.ts","Visual regression","","","@visual termos-de-uso (estável)",""
"skipped","Sat May 02 21:17:16 UTC 2026","Sat May 02 21:17:16 UTC 2026","1","webkit","performance/lighthouse.spec.ts","","","","@perf lighthouse /melhores-momentos",""
"skipped","Sat May 02 21:16:05 UTC 2026","Sat May 02 21:16:05 UTC 2026","0","webkit","e2e/notifications-panel.spec.ts","Notifications panel — sino","","","@core Sino abre painel de notificações com mensagem padrão",""
"skipped","Sat May 02 21:15:40 UTC 2026","Sat May 02 21:15:40 UTC 2026","0","mobile-chrome","e2e/notifications-panel.spec.ts","Notifications panel — sino","","","@core Sino abre painel de notificações com mensagem padrão",""
"passed","Sat May 02 21:12:53 UTC 2026","Sat May 02 21:13:01 UTC 2026","7726","chromium","e2e/buscar-avancado.spec.ts","Busca avançada — typeahead, combos e reset","","","@core busca por campeonato dispara request à API",""
"passed","Sat May 02 21:13:47 UTC 2026","Sat May 02 21:14:05 UTC 2026","18268","webkit","e2e/buscar-avancado.spec.ts","Busca avançada — typeahead, combos e reset","","","@core busca por campeonato dispara request à API",""
"passed","Sat May 02 21:13:24 UTC 2026","Sat May 02 21:13:47 UTC 2026","23313","firefox","e2e/calendar-mensal.spec.ts","Calendar mensal — home widget","","","@core click ""Go to next month"" altera o heading do mês visível",""
"failed","Sat May 02 21:13:10 UTC 2026","Sat May 02 21:13:10 UTC 2026","703","webkit","a11y/pages.spec.ts","","","","@a11y home logada sem violations serious/critical",""
"failed","Sat May 02 21:17:07 UTC 2026","Sat May 02 21:17:27 UTC 2026","20070","mobile-chrome","visual/pages.spec.ts","Visual regression","","","@visual melhores-momentos anônima",""
"failed","Sat May 02 21:15:05 UTC 2026","Sat May 02 21:15:14 UTC 2026","8351","mobile-chrome","e2e/melhores-momentos.spec.ts","Página /melhores-momentos","","","@smoke @core carrega filtros + heading ""Melhores momentos das Partidas Finalizadas""",""
"passed","Sat May 02 21:13:29 UTC 2026","Sat May 02 21:13:32 UTC 2026","2885","chromium","e2e/navegacao.spec.ts","Navegação — anônimo e logado","","","@core click no logo a partir de /melhores-momentos retorna para /",""
"passed","Sat May 02 21:12:50 UTC 2026","Sat May 02 21:12:58 UTC 2026","7902","chromium","e2e/buscar-avancado.spec.ts","Busca avançada — typeahead, combos e reset","","","@core busca parcial por time ""Flam"" dispara /team/?name=Flam",""
"passed","Sat May 02 21:15:28 UTC 2026","Sat May 02 21:15:40 UTC 2026","11263","mobile-chrome","e2e/navegacao.spec.ts","Navegação — anônimo e logado","","","@core fluxo Home → Melhores momentos → Home (anônimo)",""
"passed","Sat May 02 21:12:35 UTC 2026","Sat May 02 21:12:35 UTC 2026","25","mobile-chrome","bootstrap.smoke.spec.ts","","","","@smoke bootstrap — runner saudável",""
"passed","Sat May 02 21:15:22 UTC 2026","Sat May 02 21:15:28 UTC 2026","6668","mobile-chrome","e2e/nav-tabs-anonimas.spec.ts","Nav anônima — 2 tabs","","","@smoke @core tab ""Partidas"" volta para home /",""
"failed","Sat May 02 21:17:36 UTC 2026","Sat May 02 21:17:36 UTC 2026","414","mobile-chrome","visual/pages.spec.ts","Visual regression","","","@visual home logada (4 tabs)",""
"failed","Sat May 02 21:17:43 UTC 2026","Sat May 02 21:17:44 UTC 2026","662","firefox","visual/pages.spec.ts","Visual regression","","","@visual home logada (4 tabs)",""
"failed","Sat May 02 21:12:26 UTC 2026","Sat May 02 21:12:27 UTC 2026","1110","mobile-chrome","a11y/pages.spec.ts","","","","@a11y melhores momentos anônima sem violations serious/critical",""
"failed","Sat May 02 21:13:32 UTC 2026","Sat May 02 21:13:43 UTC 2026","10360","webkit","api/endpoint-perf.spec.ts","API perf — /match/?status=ENDED","","","@api responde dentro do budget hard (<10s) e idealmente <2s",""
"failed","Sat May 02 21:12:37 UTC 2026","Sat May 02 21:12:41 UTC 2026","4070","firefox","a11y/pages.spec.ts","","","","@a11y termos de uso sem violations serious/critical",""
"passed","Sat May 02 21:12:44 UTC 2026","Sat May 02 21:12:49 UTC 2026","5886","chromium","api/endpoint-team-search.spec.ts","API GET /team/?name=Flamengo","","","@api retorna 200 e ao menos 1 resultado contendo o termo",""
"passed","Sat May 02 21:16:23 UTC 2026","Sat May 02 21:16:33 UTC 2026","10040","mobile-chrome","e2e/responsividade.spec.ts","Responsividade — mobile e tablet viewports","","","@core tablet 768x1024: nav tabs visíveis e clicáveis",""
"skipped","Sat May 02 21:14:17 UTC 2026","Sat May 02 21:14:17 UTC 2026","1","webkit","e2e/login-flow.spec.ts","Login email/senha → nav 4 tabs","","","@smoke @core login funciona e header passa a mostrar 4 tabs nav",""
"failed","Sat May 02 21:14:14 UTC 2026","Sat May 02 21:14:25 UTC 2026","11170","chromium","performance/lighthouse.spec.ts","","","","@perf lighthouse /",""
"broken","Sat May 02 21:17:05 UTC 2026","Sat May 02 21:17:37 UTC 2026","31944","mobile-chrome","e2e/responsividade.spec.ts","Responsividade — mobile e tablet viewports","","","@core mobile 375x667: home renderiza, sem overflow horizontal, lista visível",""
"passed","Sat May 02 21:13:37 UTC 2026","Sat May 02 21:13:37 UTC 2026","35","webkit","bootstrap.smoke.spec.ts","","","","@smoke bootstrap — runner saudável",""
"broken","Sat May 02 21:15:34 UTC 2026","Sat May 02 21:16:06 UTC 2026","32435","webkit","e2e/match-modal.spec.ts","Modal de partida finalizada","","","@smoke @core click no card abre modal com header ""Partida Finalizada""",""
"failed","Sat May 02 21:12:34 UTC 2026","Sat May 02 21:12:34 UTC 2026","494","mobile-chrome","a11y/pages.spec.ts","","","","@a11y home logada sem violations serious/critical",""
"failed","Sat May 02 21:17:17 UTC 2026","Sat May 02 21:17:22 UTC 2026","5002","mobile-chrome","visual/pages.spec.ts","Visual regression","","","@visual termos-de-uso (estável)",""
"skipped","Sat May 02 21:17:07 UTC 2026","Sat May 02 21:17:07 UTC 2026","1","firefox","performance/lighthouse.spec.ts","","","","@perf lighthouse /termos-de-uso",""
"broken","Sat May 02 21:14:18 UTC 2026","Sat May 02 21:14:54 UTC 2026","36546","firefox","e2e/busca-time.spec.ts","Busca por time — typeahead","","","@smoke @core preencher filtro time dispara request /team/?name=",""
"failed","Sat May 02 21:13:18 UTC 2026","Sat May 02 21:13:35 UTC 2026","16439","mobile-chrome","e2e/buscar-avancado.spec.ts","Busca avançada — typeahead, combos e reset","","","@core busca por campeonato dispara request à API",""
"passed","Sat May 02 21:12:46 UTC 2026","Sat May 02 21:12:57 UTC 2026","10415","chromium","e2e/busca-time.spec.ts","Busca por time — typeahead","","","@smoke @core preencher filtro time dispara request /team/?name=",""
"passed","Sat May 02 21:15:57 UTC 2026","Sat May 02 21:16:04 UTC 2026","6486","webkit","e2e/navegacao.spec.ts","Navegação — anônimo e logado","","","@core tabs anônimas: Partidas + Melhores momentos visíveis; Favoritos/Calendário NÃO",""
"passed","Sat May 02 21:15:40 UTC 2026","Sat May 02 21:15:52 UTC 2026","11965","webkit","e2e/nav-tabs-anonimas.spec.ts","Nav anônima — 2 tabs","","","@smoke @core tab ""Partidas"" volta para home /",""
"failed","Sat May 02 21:15:02 UTC 2026","Sat May 02 21:15:03 UTC 2026","530","chromium","visual/pages.spec.ts","Visual regression","","","@visual home logada (4 tabs)",""
"failed","Sat May 02 21:14:01 UTC 2026","Sat May 02 21:14:11 UTC 2026","10531","webkit","api/endpoint-team-search.spec.ts","API GET /team/?name=Flamengo","","","@api retorna 200 e ao menos 1 resultado contendo o termo",""
"broken","Sat May 02 21:16:16 UTC 2026","Sat May 02 21:16:51 UTC 2026","35584","firefox","e2e/match-modal.spec.ts","Modal de partida finalizada","","","@smoke @core click no card abre modal com header ""Partida Finalizada""",""
"passed","Sat May 02 21:13:47 UTC 2026","Sat May 02 21:14:17 UTC 2026","29409","firefox","e2e/calendar-mensal.spec.ts","Calendar mensal — home widget","","","@core click em um dia clicável do calendar muda state visual",""
